index,target,x1,x2,x3,x4,x5,x6,x7,x8,x9,x10,x11,x12,x13,x14,x15,x16,x17,x18,x19,x20,x21,x22,x23,x24,x25,x26,x27,x28,x29,x30,x31,x32,x33,x34,x35,x36,x37,x38,x39,x40,x41,x42,x43,x44,x45,x46,x47,x48,x49,x50,x51,x52,x53,x54,x55,x56,x57,x58,x59,x60,x61,x62,x63,x64,x65,x66,x67,x68,x69,x70,x71,x72,x73,x74,x75,x76,x77,x78,x79,x80,x81,x82,x83,x84,x85,x86,x87,x88,x89,x90,x91,x92,x93,x94,x95,x96,x97,x98,x99,x100,x101,x102,x103,x104,x105,x106,x107,x108,x109,x110,x111,x112,x113,x114,x115,x116,x117,x118,x119,x120,x121,x122,x123,x124,x125,x126,x127,x128
0,fawn,-0.0179579,0.02255,0.00931104,-0.0167727,0.0241437,0.00518932,0.0202327,-0.00105636,0.0333423,-0.000703504,-0.00254209,-0.0219866,0.00673956,0.0275112,-0.00303304,-0.0180865,-0.00166529,0.000426146,0.0148833,0.0175514,0.00406822,0.0377783,0.00426089,0.0174439,-0.0200094,-0.00598912,-0.0125858,-0.0192753,0.0396949,-0.00342772,-0.00948875,0.000377251,-0.0165004,0.00707256,-0.00128391,0.0193652,0.0162859,-0.0063257,-0.00569818,-0.0357378,0.0367703,0.0265808,0.0062445,0.0081131,-0.0324169,0.0274231,0.0276659,-0.00203262,0.0186143,0.0151145,0.028257,-0.0369486,-0.0210848,0.0103439,0.0122189,0.0210541,0.0338617,-0.0433684,0.0119451,-0.0156909,0.0104295,0.0279251,-0.0028639,-0.00897704,-0.00974123,0.00107411,0.0055218,0.0321913,-0.025899,-0.0106696,0.016536,0.0235866,0.0129135,-0.00677596,-0.00478638,-0.000297588,-0.0339338,0.00666498,-0.0105329,-0.0199294,0.0127604,-0.0251203,-0.00807407,-0.0198888,0.0120396,0.0156665,-0.0228074,0.00782805,0.0101974,0.0465633,-0.00526252,0.0084194,-0.0275209,0.00684753,0.00151542,-0.026074,-0.00562588,0.0337102,0.0105325,-0.0309672,-0.00602698,0.0269363,-0.00444546,-0.0127962,0.00581644,-0.00761354,0.00519888,-0.0101642,-0.0150993,-0.0255863,-0.00704235,0.0174861,0.00156581,0.0195922,-0.00452431,-0.00903236,0.00707374,0.00974026,-0.00839593,0.0070486,-0.020214,-0.0339263,-0.00665254,-0.0269223,0.00196839,-0.008309,-0.0038251,0.00524675
1,usuallyand,0.00186462,-0.000340919,0.00215152,0.00391734,0.000874751,0.00332612,-0.00137153,-0.00565465,0.000360389,0.00140534,0.00154277,0.00100613,0.000118926,0.00337553,0.00518614,0.00384933,0.00136165,0.00212196,0.0018723,-0.00442198,0.000309661,-0.000359739,-0.00214744,-0.00265264,-0.00364936,0.000963702,-0.00270912,0.00152888,-0.00201894,0.00628151,-0.0032573,0.00106296,0.000199802,0.00110708,-0.00354546,0.00255459,0.00472639,-0.00171968,0.00492306,0.00286824,0.000401924,-0.00451737,0.000656519,-0.00471315,-0.00238785,0.00139171,0.00318345,-0.00292995,0.00301604,-0.00162522,-0.00428466,0.00427525,0.00316881,-0.00122362,-0.00152271,-0.000896284,-4.75E-05,0.00474942,-0.00204005,0.00655428,-0.00457213,0.00520901,-0.0017026,0.000478275,0.00556081,0.00213308,-0.00325926,0.00473639,-0.00404682,0.000180801,-0.0028653,0.00225148,0.000731679,0.00218159,0.00403013,0.00261276,0.00585945,-0.0058731,0.000297844,-0.000425062,0.00290365,0.00182196,-0.00279243,0.00335496,-0.00354801,0.00450338,0.00283789,0.0021607,-0.00291016,-0.000918031,-0.00117854,-0.0067747,-0.00581567,0.00524436,0.00179909,-0.00289723,-0.00385853,0.00445488,-0.005469,0.00952785,0.00375974,-0.00157801,0.0033002,-0.00350615,-0.00261897,0.00247889,-0.00297643,0.00621202,-0.00123622,-0.00401498,-0.00154565,-8.17E-05,-0.00199075,-0.00285323,0.00422922,-0.00134536,-0.000168117,0.00187641,0.0001484,-0.000516639,0.00573792,-0.00108869,0.000465477,8.60E-05,-0.0020181,-0.00737291,0.00287183,-0.00142472
2,circuitri,-0.00816009,-0.00276609,-0.00345444,-0.00860064,-0.004569,0.00117357,0.000128137,-0.00592494,0.00811461,0.00865434,0.00622506,-0.00715457,-0.00548735,0.014951,0.00218515,0.00358399,0.00072993,-0.00221807,-0.00548291,0.00737798,-0.00142512,0.00523036,0.00663114,-0.00169781,0.00895041,-0.00797244,-0.0038271,-0.00317048,-0.00679821,0.00549005,-0.00739929,0.00275203,-0.0049682,-0.00114346,0.00357908,-0.0011165,-0.00925507,0.00269442,0.00779256,-0.00410292,0.0052848,-0.00342808,-0.00724049,0.00509273,0.0082796,0.00174132,-0.00921454,0.0127679,-0.00810234,-0.00528178,-0.0010614,0.00073452,-0.00321952,-0.00423857,-0.000112667,0.0131894,0.00366027,-0.00813045,0.000692213,-0.0033042,-0.0124677,0.00656343,0.00523025,4.67E-06,0.00736523,0.0155792,0.00380426,0.00390962,-0.0119442,-0.000520959,0.000307957,0.00618008,-0.00482156,-0.00346343,-0.0161369,-0.00457204,-0.00197903,0.00387705,-0.00544037,-0.00717752,0.0141526,0.00330832,-0.000276882,-0.00775907,0.00454973,-0.00262438,-0.00747066,0.00480157,-0.00224411,0.00381201,0.00382164,0.00322933,-0.0124307,0.00415043,-0.00196569,-0.0084508,-0.00239301,0.00326197,0.000164893,0.0113428,-0.00674872,-0.00901147,-0.00728807,0.00131468,0.00155896,0.00864316,-0.000648474,0.000306231,-0.00061177,-0.0052649,-0.0138664,-0.00463112,0.00446649,0.0110604,-0.00298335,-0.0064972,-0.0025647,0.00133449,-0.0078611,0.00372734,-0.00880427,-0.00713554,-0.00290032,0.00102284,0.0181605,-0.00633129,-0.0150024,-0.0077852
3,mustachio,0.0173009,-0.0083594,0.00988714,0.00489427,0.00606497,-0.00281612,0.00072503,-0.00634772,-0.0121541,-0.0151086,-0.00156626,0.00188112,0.00548043,-0.00830418,0.00019097,0.00816156,0.000166012,0.0040165,-0.00485306,-0.000288929,0.00212288,-0.00524904,-0.00651341,-0.00254433,0.00753306,0.0040926,-0.00100557,0.0080721,-0.00264285,0.00207238,-0.0031674,0.0116717,0.00273262,-0.0119159,-0.000361731,0.0022483,-0.00329918,0.00924994,0.00229013,0.00413965,-0.0111108,-0.00630999,-8.99E-05,-0.00130709,-0.00087099,-0.021869,-0.00812136,-0.00921769,-0.00603003,0.000913133,-0.00221097,0.00789442,0.00671779,-0.000233287,-0.00728885,-0.00921379,-0.0101758,0.00317677,-0.00936104,0.00328785,0.00477138,0.000944226,0.00272627,-0.000899527,-0.00421147,-0.00352308,-0.00262953,-0.0127726,0.00412002,-0.0037344,-0.00516441,-0.00601861,0.00979256,0.00163487,0.00102917,0.00460041,-0.000843215,-0.00122115,-0.00364895,0.00177195,-0.0165387,0.00661791,0.000593239,0.00384152,-0.00725347,0.00437342,0.00200837,0.00325306,-0.000542434,-0.0120762,-0.0192085,0.00176562,-5.96E-05,0.00370554,-0.00893974,0.00327642,0.000783784,0.00175966,-0.00115574,0.00880559,-0.00224444,0.000817348,0.0087734,0.00874738,0.0002562,-0.00644539,-0.00679392,0.00740541,0.00245064,0.00527979,-0.0050739,0.00373464,0.0095752,-0.0120609,-0.00571055,0.0020587,0.00694599,0.00463479,0.0055012,-0.001101,0.0115257,0.0119383,-0.000217318,0.0193666,0.0040008,0.00371556,-0.000153482,0.00359385
4,woodi,0.012635,-0.0195637,0.00540636,-0.000463448,0.0151036,-0.00303477,0.0198418,0.00669593,0.00917492,-0.00163087,-0.0161433,0.00677507,-0.00998296,0.0028928,-0.00180173,0.00997035,-0.00861672,0.0148992,-0.00298543,-0.0241365,-0.0156702,0.00718656,-0.0101224,0.00601088,-0.0136488,0.00652456,0.00193136,-0.00349997,-0.00958873,-0.0157141,0.00408075,0.0057034,0.00197551,-0.0368345,0.0138679,0.00302058,0.0258444,0.0117766,0.00520968,-0.00250429,-0.00249588,-0.000941258,0.0183928,-0.0122378,-0.0103271,-0.0137538,0.0237071,-0.0219192,0.00543416,-0.00273319,-0.016512,0.0137938,-0.0151385,0.0274003,0.00571838,-0.00475948,-9.26E-05,-0.00691809,-0.0205188,-0.0109629,0.0158283,0.00516808,-0.0131906,-3.35E-05,0.0107096,-0.00704083,0.000274709,0.00559912,0.0163103,-0.0290245,0.0226995,-0.00860014,0.0253968,-0.0171695,0.017806,-0.00194013,-0.00943181,-0.00233308,-0.0161193,0.0110335,-0.016419,0.00247294,-0.00347319,-0.0156711,-0.00602635,0.00271233,0.00248562,-0.000924588,0.0277209,0.00736225,-0.0205015,0.00765065,-0.0206265,-0.00360548,-0.00738554,0.00714849,-0.0195437,0.0188657,-0.00874751,0.00149653,-0.0192355,0.0149179,0.00754587,-0.00911621,0.0103863,-0.00817591,0.00143019,-0.00272695,-0.0140938,0.0101751,0.00283031,-0.00623446,0.00308929,-0.00604812,-0.0118107,0.000565355,0.0133213,-0.002154,0.00950046,-0.0171275,0.017012,0.00139602,0.0147783,0.0245956,0.00982742,-0.0114722,0.00317735,0.0105364
5,sonja,0.00404443,-0.0107774,0.00533242,-0.0143115,0.00166888,-0.00123512,0.00616967,-0.00371073,0.00456199,0.0052475,-0.00277346,-0.00873865,-0.00480937,0.00916553,0.00297247,0.00717771,0.000179322,0.00302385,-0.00237761,-0.00117069,0.00222441,0.000153071,-0.0096156,-0.0100236,0.00295352,-0.00217005,-0.0184306,0.000660041,-0.000977725,-0.0042557,0.00190779,0.0106545,0.00658207,0.00134622,0.0071276,0.00208295,0.00468473,0.0119607,0.00517076,-0.00265792,0.00622236,-0.00934851,0.0170988,0.00180349,-0.00936335,-0.00601975,-0.000415101,6.98E-05,0.00471203,0.016407,0.00574752,0.00728009,-0.00219936,0.00122249,-0.00672178,-0.00178628,0.000790684,-0.00726349,-0.00500049,0.00575081,-0.00067081,-0.0010162,0.00634751,0.000206773,0.00553621,0.000143646,-0.00239177,0.00494454,-0.00849727,-0.00519855,-0.00110794,0.000440773,0.00881418,-0.00513074,0.00509239,0.00827378,0.00709056,-0.00263978,-0.0189293,0.00717513,0.003445,-0.00660592,-0.00811558,-0.00998189,-0.00591146,-0.000972515,0.00289507,0.00646949,-0.00479883,-0.000201498,0.00268829,0.000322254,-0.00627174,0.00396913,-0.000109275,-0.00466186,-0.00746866,-0.000600178,-0.00124018,0.00558719,9.46E-05,-0.00273106,-0.00681443,0.00275441,0.00222719,-0.00677763,-0.00192345,0.00306983,-0.000650325,-2.25E-05,-0.0114266,-0.00342365,0.00640369,-0.00654209,-0.00503314,-0.0015095,0.00791965,0.00565541,-0.00871121,0.00576287,-0.00176503,0.00228612,-0.00331186,0.00588971,0.0079356,0.00333441,0.000935121,0.00660021
6,spideri,-0.0203289,0.0362531,-0.0356412,-0.0456291,-0.00794447,0.0174803,0.0359587,0.0182566,0.0539876,0.0549385,-0.000464554,-0.0176397,-0.0265992,0.0427311,-0.0230821,-0.0593993,-0.0215829,-0.0211059,0.00523584,0.0244157,-0.0251988,0.0170841,0.0302284,0.0107402,-0.0100219,0.00932708,-0.0214024,-0.0119282,0.0337451,-0.0063614,-0.0272064,-0.00652535,-0.026738,0.0288419,0.00958605,0.0409426,0.0274119,-0.0260402,-0.00515054,-0.041642,0.0501518,0.0151031,0.0272537,0.00600254,-0.0430225,0.0520891,0.0607502,-0.00801471,0.0378401,0.0316428,0.0172305,-0.0575643,-0.0369473,0.0022841,0.0229574,0.0363214,0.0239219,-0.0338008,0.0452041,-0.00113723,-0.0109519,0.0013042,0.00522853,-0.00527377,-0.00262936,-0.0128436,0.000591961,0.0352349,-0.0589908,0.00990957,0.0255141,-0.00576834,-0.0136157,-0.0129476,-0.037206,0.0136451,-0.0329719,0.0114283,0.0198769,-0.0153,0.0592249,-0.0113495,0.000967295,-0.0130026,0.00953426,0.0198153,-0.0196025,0.0412187,0.037581,0.0477777,0.0139279,0.00047559,-0.0408207,0.00545396,0.0244245,-0.0482154,-0.0247735,0.00359967,-0.0187889,-0.0459877,-0.00143656,-0.0119315,-0.0264014,-0.0354576,0.00461183,-0.0257737,0.0356728,-0.0360413,-0.012233,-0.00406742,-0.0249353,0.00720592,0.0190365,0.0321561,-0.0168958,0.000260438,0.00638585,0.00734449,-0.0601222,0.0491769,-0.0507978,-0.0339441,0.0102282,-0.0633412,0.00531921,-0.0291119,-0.0155197,-0.0177654
7,askew,-0.0330041,0.0409155,-0.030846,-0.0449626,0.00546542,0.0515203,0.0684767,-0.00917886,0.0820273,0.0658947,0.00335761,-0.0301342,-0.00466941,0.0621555,-0.0165964,-0.0650238,-0.0138362,-0.0963233,0.0249848,0.0286167,-0.00755007,0.0245453,0.0670197,0.0218992,-0.0309936,-0.028855,-0.0491173,-0.0257159,0.0601603,-0.000869436,-0.00554923,0.007541,-0.034095,0.0166355,-0.0111495,0.0445739,-0.006632,0.00455096,0.0417723,-0.0727964,0.0788729,0.00948774,0.0271968,-0.00461033,-0.0517199,0.0400541,0.0543416,0.000456085,0.0417926,0.0994556,0.0308638,-0.040115,-0.00488191,0.00668373,0.034171,0.0492388,0.0177843,-0.0672207,0.0331985,-0.0105978,-0.0518227,0.0317331,-0.0310279,-0.0337698,-0.0328301,-0.00695237,-0.0445847,0.063452,-0.0598387,-0.0256677,0.00580959,0.0680137,0.00538952,0.0227653,-0.053836,0.0322691,-0.0317964,0.0205486,-0.00737807,-0.00284877,0.0688526,-0.0296617,-0.00325397,-0.0258255,0.0413183,0.0079182,-0.0465885,0.0235742,0.0471618,-0.00221681,0.047746,-0.03579,-0.0830467,-0.0153315,-0.00472837,-0.0811225,-0.0356737,0.0634539,-0.0510918,-0.0277934,-0.0240186,-0.0268616,-0.0504928,-0.0542494,-0.00484027,-0.0225489,0.0364315,-0.0237615,-0.0380664,-0.0585058,-0.0884962,0.0411596,0.0858873,0.0215686,-0.0126659,-0.0494378,-0.0086919,-0.00450928,-0.0917665,0.0752667,-0.0389095,-0.0687308,-0.00383451,-0.0773794,0.0219251,-0.0264475,-0.0368046,0.00371945
8,suzani,0.00226814,-0.000537426,-0.00465157,-0.0111573,0.000474871,0.00673688,0.00905026,-0.00724322,0.0114041,0.000115832,-0.00356555,0.00173376,-0.000468218,0.0110789,-0.00210086,-0.00461377,-0.00133132,0.00116038,0.00224445,7.91E-05,-0.00541439,0.00473043,0.00385836,0.00747841,-0.00392561,-0.000495692,0.00353248,-0.0136704,7.25E-05,-0.00207922,-0.00313953,-0.0027919,0.00949031,0.0012845,0.0044276,0.00648952,0.00282242,-0.00211046,0.00601997,-0.0101673,0.0152122,0.00253042,0.00620165,0.000491528,-0.00201186,-0.0015471,0.00517149,-0.00770969,0.00388467,0.0120456,0.000792231,-0.00311593,-0.000284856,0.00617343,0.00121267,0.00456096,0.00638181,-0.0112663,-0.000759805,-0.000247242,0.00418922,-0.00120286,0.000609744,-0.00391292,0.00399635,-0.000109805,0.00324116,0.0071134,-0.00435635,-0.00406953,0.00422812,0.00293309,0.000403202,0.00370839,-0.00646047,0.0030443,-0.00658085,0.0017523,-0.00246149,0.00213292,0.0075227,-0.00687733,-0.00534958,-0.00232563,0.00622933,-0.00260882,-0.00148361,-0.000812915,0.00530936,0.00163004,7.42E-05,-0.00374777,-0.00982182,0.00165955,0.0040125,-0.00260495,-0.00193518,0.0106932,-0.00567768,-0.00101095,0.000144103,0.000119918,-0.000183043,-0.00548076,-0.00317639,-0.00745124,-0.00318605,0.00102948,-0.00195825,0.00573542,-0.0121205,0.000378846,0.000555463,0.00395989,-0.00304937,-0.000683542,-0.0012365,0.00872614,-0.00206249,0.00715105,-0.00675058,-0.011064,0.000650585,-0.00263051,0.000474053,0.00360488,-0.00323006,0.00179302
9,approachnot,-0.00136368,-0.00207944,0.00335475,0.00496423,-0.00293601,-0.00614108,-0.0131868,-0.0060313,-0.00398874,0.00257829,0.00443599,0.011734,-0.00956114,-0.00920955,-0.00316479,0.0062338,0.00841866,0.00797563,-0.000825909,0.00253265,0.00373253,-0.0132503,-0.00536745,-0.00799522,0.0164455,0.00350249,-0.000418023,0.00813543,-0.00916967,0.00494861,-0.00255854,-0.00783541,0.00426973,0.00430553,0.00332592,-0.014529,0.00641152,0.0153102,0.00863641,0.0141827,-0.00937863,-0.00521576,0.00301721,0.00123978,0.00220855,-0.00218712,-0.0135882,0.0181734,-0.00769077,-0.0124222,-0.00256731,0.00520526,0.00921137,-0.00640206,-0.00530157,-3.63E-05,-0.00222134,0.0124549,-0.00322275,0.00102826,-0.000823112,-0.00568123,0.0123741,0.00828731,0.00925358,0.0105142,0.00395685,-0.00842576,-0.00441689,0.00260533,-0.0157407,-0.00120713,-0.00852848,-0.00394249,-0.00359407,-0.00511429,0.0128864,0.00869025,0.00322126,0.00464363,-0.00458975,0.00449144,0.00018267,0.00454841,0.00303716,-0.00589409,0.0166906,-0.00425154,-0.00974159,-0.00891423,0.00376761,0.00730745,0.00969896,0.00369183,-0.000247119,0.00302519,-0.00217214,-0.0168578,0.0129107,0.0127519,0.0118192,-0.000646589,0.00457991,-0.00364787,-0.00542193,0.000951663,-0.00822961,0.0072051,-0.000581091,0.00598778,0.00515527,-0.00921011,0.00140727,-0.00500843,0.00318363,0.00624945,-0.00332224,0.0025096,0.00633274,0.00368921,0.00540559,0.0148093,-0.00969128,0.00182967,-0.00802804,0.000906009,-0.00686795,-0.00217629
10,suzann,0.0268109,-0.0573305,0.0816778,-0.0152753,-0.0193436,-0.00880568,0.016674,-0.0346148,0.05615,-0.0461121,-0.0303127,-0.0400366,-0.0413015,-0.0330491,-0.00227474,0.016184,-0.0252413,0.0323135,0.0425113,-0.0837231,-0.0425817,-0.0135237,-0.0777712,0.0482441,0.0194869,-0.0394521,-0.02645,-0.00919771,-0.0380585,-0.0207651,0.0862536,0.0146956,0.00361176,-0.0740589,-0.0196593,-7.95E-05,0.0288584,0.0588032,0.0471168,-0.015773,-0.0300407,-0.0237373,0.00970555,-0.0329637,-0.0415353,-0.106911,0.0300018,-0.0368577,0.00332729,0.0176918,-0.0480255,0.0580797,-0.0121798,0.0441788,-0.00639356,-0.0399701,-0.0111653,-0.00457419,-0.0475894,-0.0498036,0.0460265,0.0330938,0.0121498,0.0583971,0.0144778,-0.0127263,-0.00356415,-0.00843616,0.027542,-0.0381527,0.0693801,-0.0285393,0.0616209,0.032201,0.0608118,0.0244201,0.0119105,0.0263899,-0.0750939,0.0691362,-0.071685,0.00983031,-0.0202716,-0.00590998,-0.0631117,0.0284184,-0.0118414,-0.0971783,0.0639497,-0.0376283,-0.0657733,-0.0368761,0.037653,-0.0321596,-0.0210571,-0.0233004,-0.0186684,0.0356061,-0.0699531,-0.00922249,-0.0651313,-0.03228,0.0683516,-0.00359501,0.0713185,-0.00763472,-0.0499454,0.0269336,-0.0487252,-0.0265558,-0.0157825,0.00771592,0.0758151,-0.0485487,-0.0355983,-0.000351334,0.0137112,-0.0178294,0.00855374,-0.0277498,0.0713592,-0.0122585,-0.0172769,0.0858332,0.0202728,-0.0159672,0.00506916,0.0345701
11,francesco,0.0126665,-0.100685,-0.0167513,0.00836149,0.0049823,-0.0648872,-0.0599556,-0.0259717,-0.0141914,-0.0313062,0.00629448,0.024707,-0.00890292,-0.0110662,0.0219271,0.0518062,-0.0089877,-0.0114789,-0.0673981,-0.0489254,0.00242708,-0.0385529,-0.0629,-0.0191579,0.029322,0.047344,0.00214215,-0.0250103,-0.0385433,0.0617715,0.0301445,-0.0209397,0.05548,-0.0016987,-0.0158625,0.00589683,0.0215061,-0.018406,0.0196882,0.0123488,-0.0471237,-0.0154985,-0.0128126,-0.0340786,0.0385933,-0.0419714,-0.0780501,-0.0223914,-0.0424407,0.0151714,0.0062897,0.0329923,0.064059,-0.00872142,-0.0428915,0.00191868,-0.0135983,0.0351839,-0.0318681,-0.0386234,0.0438322,0.049254,0.000927852,0.00239096,0.0364987,0.0431811,-0.0101587,-0.00246067,0.00768185,-0.00773363,-0.0351213,0.00256872,-0.00433385,0.0263622,0.0127342,0.0281286,0.0846607,-0.0306672,-0.0625896,0.0336459,-0.0537681,-0.00818124,0.00181095,0.030199,-0.00212509,-0.022969,0.0306848,-0.019746,-0.00951356,-0.0312935,0.0355403,0.0104237,0.0506462,-0.0736935,0.00515551,-0.0366967,-0.0122159,-0.00530906,-0.0252764,0.0637097,0.0643431,0.0570185,0.02249,0.0165928,-0.0555579,0.0298404,-0.0213124,0.0412529,-0.00933487,0.030697,0.0171555,-0.0255005,-0.00114027,-0.05875,-0.000287731,-0.0374648,-0.019948,0.039602,0.0476327,0.0409214,0.00904007,0.0214537,-0.0574376,0.0398475,-0.0167403,0.0303698,-0.0178878,0.0207441
12,francesca,-0.000131707,-0.0107285,0.00575746,0.00782787,-0.00194442,-0.00152729,-0.00539089,-0.00612957,0.0161893,-0.0197101,0.00771842,0.00563959,-3.89E-05,-0.00551948,0.0116029,-0.0180047,0.0044137,-0.000162251,0.00934258,-0.000187179,-0.0113743,-0.00285278,0.00459932,0.00373689,0.0160175,-0.00458724,0.00184523,-0.00354689,0.00158363,0.00601202,0.0100575,0.003738,0.0133447,-0.0276885,0.00247012,0.00183892,-0.00999359,-0.00401073,-0.00793008,0.00537358,-0.0069951,-0.00453727,-0.00438377,0.000925144,0.00236095,-0.0277945,-0.00653562,-0.00269127,-0.0109803,-0.00631627,-0.00859692,0.0139395,0.00379148,0.000470358,-0.00370416,0.00337994,-0.0100997,0.0106135,0.0115672,0.00152485,-0.00258883,-0.00288769,-0.00220381,-0.00109761,-0.00429489,0.003974,0.00708246,-0.00721803,-0.000851385,0.00102902,-0.00251413,-0.0195648,0.00924578,0.00572629,-0.00435969,0.0224189,0.0050287,-0.00861621,-0.0154438,0.00785791,-0.014217,0.00344516,0.00920853,0.0227579,-0.00457497,0.0138909,0.0114314,-0.0107515,-0.000658784,-0.0264254,-0.00259968,-0.00943041,0.00392346,-0.0131805,0.0116336,0.00272065,0.000500287,0.00667446,-0.00431505,0.0045279,0.00502608,-0.00617053,0.00407879,0.0136074,0.000229438,-0.00183903,-0.00679124,0.0115552,-0.000186703,-0.00809593,0.00412157,-0.00281231,-0.00152182,-0.0155769,0.00924554,-0.00722055,0.011869,0.00830304,-0.00608844,0.00481963,0.00850147,-0.00323721,-0.00637622,0.00509821,0.00267712,-6.33E-05,-0.00452793,-0.0128581
13,diamondshap,-0.0445164,-0.000422702,-0.00447664,0.00134647,0.0159088,0.00280035,0.0122188,-0.00323131,0.0275922,-0.00829912,-0.00152694,-0.0219069,0.0149064,0.0276196,-8.73E-05,-0.0101754,-0.0136371,0.00290348,0.0100196,0.00752289,-0.0128862,0.0467327,0.0181553,0.0242569,-0.0325111,0.0180617,-0.00941448,-0.0380798,0.0352854,-0.0106964,-0.0103774,-0.0103215,0.00969061,0.0218769,0.00856864,0.0334629,0.0099946,-0.035423,-0.012215,-0.0133515,0.0405147,0.0246677,0.00981977,0.0147418,-0.0111522,0.0352113,0.00988123,0.021258,0.026467,0.0306112,0.0405358,-0.0562726,-0.0120653,0.0198914,0.0151806,0.0397087,0.0529069,-0.0350549,0.0204016,-0.0214342,-0.014853,0.0407859,-0.0286381,-0.0234122,-0.013345,-0.0150091,-0.0135811,0.0405679,-0.0115339,0.0088824,0.0340199,0.0320784,0.00829728,0.00293662,-0.0207231,-0.00950882,-0.0332341,-0.0018562,-0.00376128,-0.042738,0.0347969,-0.0119053,-0.0417797,-0.00373232,-0.00373095,0.000925228,-0.0373203,0.0124385,-0.00371374,0.036461,0.0168194,0.0019618,-0.0385443,0.00286843,0.0102604,-0.0177436,-0.0219927,0.0263404,-0.00755036,-0.0347461,-0.022611,0.0154437,-0.0312525,-0.00639495,0.000608443,-0.00311854,0.029245,-0.0285077,-0.00444632,-0.0237878,-0.00245485,0.0152403,-0.0170784,0.0414839,0.0113015,-0.0206244,0.0156264,0.0276609,-0.00363271,-0.00713934,-0.0757471,-0.0358855,-0.00442837,-0.0166953,0.00835339,-0.0107359,-0.0012039,0.00641976
14,moremasculin,-0.0015,0.0033381,-0.00608293,-0.00495456,-0.00186656,0.000178505,0.00205933,-0.0155397,0.000887188,-0.000561394,-0.00581771,0.0115621,-0.00542032,-0.00660335,-0.00419748,0.00143199,0.0123896,0.00077813,0.0018059,-0.00428407,-0.00229569,0.0066759,0.0122338,0.00781064,-0.000296761,-0.00457101,-0.00233972,0.0115898,-0.00185075,-0.00827435,0.00403622,0.00611612,0.00939987,-0.00967504,-0.00504601,0.00138642,-0.00185798,0.00100334,0.0125581,0.00719641,-0.00208687,0.00409645,0.00478234,-0.00210213,0.0035373,-0.0132241,-0.00493838,0.0232869,-0.000949581,-0.00335172,-0.011153,0.00614956,0.00733563,0.00306274,0.00163506,-0.00134461,-0.00685469,0.00702996,-0.000544077,-0.000961564,0.000247447,-0.000526773,0.00651885,0.007262,-0.00194355,0.00979563,0.0032638,-0.00781462,0.00767716,-0.00464422,-0.0111122,0.0022062,-8.46E-05,0.00452782,-0.00175349,-0.0119814,-0.00141685,0.0157351,0.00391932,0.00304771,-0.00325775,0.00138143,0.00558157,-0.00273288,0.00296519,-0.0102754,0.0130245,-0.00692631,0.000131345,-0.00207409,0.00267066,0.00298224,-0.00730232,0.00995028,-0.00346467,0.009163,-0.00399903,-0.00530158,0.00263243,0.00229869,-0.00453936,-0.0169033,-0.00201492,-0.0142359,0.0103335,-0.00454622,-0.00686333,0.0119697,0.00984273,0.00231462,-0.00706751,-0.0017576,-0.000582731,0.00115752,-0.00541369,-0.00076686,-0.00157573,-0.0093081,-0.00669007,0.00258949,0.00679042,-0.000190608,-0.00530048,0.00847989,0.00189218,-0.015645,-6.36E-05,0.00484828
15,considerablynot,-0.00114316,0.00214141,-0.00101818,0.000566692,0.00646903,-0.00058562,5.39E-05,-0.000963824,-0.000252947,-0.00361746,0.00590143,0.00470767,-0.00369141,0.004417,-0.00116384,0.00302781,0.00286237,0.00173589,-0.00245896,0.00529401,0.0014082,-0.0048458,-0.006299,-0.00714235,-0.00235957,0.00337015,-0.00151546,0.00160812,-0.005571,0.00136928,-0.0046092,0.000539552,0.00450159,-0.0075917,0.00052389,-0.00253868,0.000214125,0.00596201,0.00652177,-0.00481795,-0.000473375,-0.000287304,0.00107844,-0.00467114,-0.00213924,-0.00632884,0.000513516,-0.00227606,0.00314757,-0.0023366,0.0023622,0.00150827,0.00246091,0.00228993,-0.000139576,-0.00413339,-0.00281425,0.00441321,-0.00862922,-0.000651238,-0.00239823,-0.00115456,0.00122674,0.00584276,0.000711473,0.000637293,-0.00611255,0.00350511,0.0107399,-0.00430322,-0.000585704,0.00188622,0.00226724,-0.00271487,0.00143711,-0.0118899,0.00502439,0.00389953,-0.0115011,0.00484817,0.00329073,0.000768595,0.00256173,0.00607874,0.00130452,0.000805794,0.00337419,-0.00199903,0.00425932,-0.00357675,0.0025094,0.0027339,0.00363932,0.00663607,-0.0065455,0.0076754,-0.00645439,0.0021693,0.00864247,0.00972234,0.00688813,-0.00556224,0.00182635,-0.00285218,0.000391661,-0.0128321,-0.00503158,0.00438892,0.00499907,0.00793084,-0.000843161,0.00771874,0.000664343,-0.000948497,0.000485485,-0.00101697,0.00212634,0.00472975,-0.00141652,0.000141823,0.00185994,0.0017038,-0.00299686,0.000931468,0.00264514,0.00297341,-0.00384655,0.000603734
16,bladea,0.00808465,-0.0114815,-0.00517831,0.00419615,0.000676341,-0.00199095,0.00379746,0.00528162,0.00389499,-0.00873247,-0.0173542,-0.00385741,0.0029667,-0.00193873,-0.0104324,-0.00386569,-0.0150204,0.00571415,0.000200234,-0.0061448,-0.00745808,0.0068575,0.00496068,0.00357734,-0.00277058,-0.0022234,0.00962396,-0.00787971,0.00661773,0.00474094,0.00067775,-0.00294622,-0.00142009,-0.00794485,-0.00878854,-0.00195492,0.000846885,0.00246544,-0.00851595,0.0151176,-0.00584888,0.00319096,0.000419405,-3.98E-05,-0.00138594,-0.0133439,0.00573711,-0.00931836,-0.00796519,-0.00684682,-0.0109968,0.00200309,0.00543813,0.00359201,0.00567007,-0.00810332,-0.00990091,0.00631059,0.00873443,-0.00580184,0.00824311,0.00278841,-0.00182523,-0.0146474,0.00496612,-0.00193717,-0.00134505,0.00192418,0.00247405,0.0012676,-0.00220237,0.00633678,0.00204661,0.000225475,0.00020068,0.000368666,-0.00380724,-0.00913872,-0.00569267,-0.0043825,-0.00605967,0.00707761,-0.00201732,0.000948301,-0.0088414,-0.00908393,0.00318651,-0.00197643,0.00619627,-0.00823001,-0.00475523,-0.0125349,0.000380787,-0.00665257,-0.00684562,0.00403193,0.00315777,0.0138589,0.00341959,-0.0109064,-0.0133253,0.00641812,0.00317947,0.00192375,-0.0081867,-0.00358138,-0.00114855,-0.00467227,0.0045808,0.000235738,0.00296276,-0.00701835,-0.00130312,-0.0126972,0.00727237,-0.000673664,-0.000985619,-0.00351765,-0.00175975,0.00306513,-0.00444682,0.0127828,0.0158647,0.00723435,-0.0078659,0.0176044,0.00339044,-0.00169885
17,bubbleesqu,0.00256959,-0.00286595,3.39E-05,0.0013712,-0.00450865,-0.00275891,0.00174643,0.00236652,-0.0020384,0.00276056,-0.00333307,0.00287217,0.00130453,0.000562834,-0.000101502,0.0017562,-0.00275847,0.000223384,0.00252749,-0.00265738,-0.00343666,-0.00261288,-0.000732753,-0.000492433,0.00438743,-0.00496649,0.00354669,0.00381741,-0.000572322,-0.00103536,-0.00150255,-0.000370955,0.000742112,0.000451869,0.0020893,0.00200879,-0.00273861,0.00177589,-0.003387,-0.000916018,0.000239339,0.000452209,-0.00301344,0.000736357,-0.00194803,0.00329147,-0.00344871,0.00208038,-0.00200127,-0.00355759,-0.00171697,0.0010569,0.0038044,-0.00445863,-0.00340107,0.00241925,0.00345715,0.00273934,0.00246039,-0.00123872,0.000694304,-0.000431731,0.000935574,-0.00106189,-0.0032548,-0.00162662,-0.00200416,-0.00232843,0.00170597,0.00238557,0.00238775,0.00272038,0.00190067,-0.000610498,-0.0020632,-0.00160606,-0.00202362,-0.00361936,0.000268345,0.000760092,0.00288696,-0.00300045,0.000247702,0.00254797,0.000817999,0.00168841,0.00219846,0.00431087,0.00474086,0.00170707,-0.000316014,-0.0013284,7.44E-06,5.17E-05,-0.00330341,0.0011265,0.00312505,-0.00288862,0.00231055,-0.0028529,0.00311464,-0.00377326,0.00235856,0.0018654,-0.000950197,-0.00303542,0.00108264,-0.00212397,-0.00153565,0.00394143,0.000998174,0.00263144,-0.00305913,-0.00147125,0.000649616,0.00289439,-0.00356218,-0.00424451,-0.000453598,-0.000918668,-0.00135875,-0.00119039,-0.000567656,0.00110558,-0.00192877,0.00335852,-0.00328339,0.00238988
18,scold,-0.00107251,-0.000338927,-0.00617221,0.000597342,0.00227978,0.00296193,0.00528745,-0.00275312,-0.00415034,0.00530611,-0.00414714,-0.00223083,-0.00111502,0.00518681,0.0013158,0.00261921,0.00131086,-0.00146395,0.000755046,0.000949369,0.000401264,-0.00133099,-0.00373563,-0.00534005,3.51E-05,0.00350504,0.0038632,0.0011475,-0.000715574,0.0073692,-0.00337254,-0.00132424,0.00288997,0.00104396,-0.00238239,-0.00241279,-0.00184614,0.000375079,0.00872362,-0.00444495,0.00166491,-0.0044912,-0.000266763,0.00276393,-0.00622725,-0.000484973,-0.00255729,-0.00512023,-0.000575494,0.0042344,-0.00189868,0.0044121,0.000841109,-0.00341876,-0.000965201,-0.000781708,-0.0020689,-0.00719719,0.00178118,-0.00273215,6.02E-06,-0.00179892,0.00619717,0.000587879,0.00443283,-0.00210717,0.00324532,0.0122824,0.000849076,-0.00502972,-0.00258062,0.00538591,0.00893599,-0.000788127,0.00150799,-0.00343068,0.00512059,8.23E-05,-0.00746049,-0.0039599,0.00351364,-0.0015714,-0.0029857,0.00473212,0.00319482,0.00261666,-0.00472818,-0.000114161,-0.00109139,-0.00581096,-0.00385016,-0.00204752,-0.00613453,0.00468699,-0.00479099,-0.00185821,-0.00781939,0.00640832,-0.000502126,0.011079,0.00159107,-0.00271507,0.00204345,-0.00821696,-0.00250434,-0.00109502,-0.00715172,0.00405417,0.00506686,0.00510456,-0.0090577,0.00494857,0.00504982,0.0027115,0.00598586,0.000981286,0.00440509,0.00503476,0.000646386,0.0027867,0.00651721,0.00141294,-0.00695679,0.00145289,0.00399943,0.0048028,-0.00449768,-0.00148839
19,accret,0.000715633,0.00859049,-0.00292529,0.00534102,-0.00220716,0.0057723,-0.000998722,0.00399151,-0.00206273,0.00592686,0.00697368,0.00755413,0.00353792,-0.00550107,-0.00273448,-0.00329569,-0.0043073,-0.00271327,-0.00281248,-0.000734993,0.000222289,-0.000457137,0.00459423,-0.00290895,-0.00816232,0.00103965,-0.00167571,-0.00404485,0.00186465,-0.00630722,-0.00113978,0.00243413,-0.00528097,0.00835688,-0.00639117,-0.00313342,0.00243415,-0.0042026,0.00790247,0.00333566,0.00282828,-0.00456034,-0.00320996,0.00058775,0.00348939,0.0109213,0.0048531,0.006243,0.00601214,-0.00223769,-0.0020731,-0.00229755,-0.00758733,0.00328287,0.012679,-0.000504626,-0.00163121,0.00145094,-0.00309707,0.0102878,0.00107999,-0.0085821,-0.00546327,-0.0021964,-0.0029708,-0.00288734,0.000509002,-0.00151312,0.000255429,0.00267092,0.00313973,0.00146227,0.00245208,0.00249255,0.00860463,-0.00268371,-0.0036034,-0.00283459,0.0146619,0.00369336,0.00777822,0.000908139,0.00494398,-0.00167975,-0.000903686,0.00603237,-0.0017089,-0.00172249,0.001608,-0.00513551,-0.001419,-0.00110988,0.00178879,0.00171388,0.00210824,-0.000748397,-0.00419096,-0.00537069,-0.000782588,-0.004737,-0.000877882,-0.00335949,0.00579557,-0.00276777,-0.00126716,0.00268524,0.00886937,-0.00924619,-0.00112773,-0.00670576,0.00640314,0.00313857,-0.00212516,-0.00455893,0.00145863,0.0117027,-0.0117942,-0.0167451,-0.00417061,-0.00343717,-0.000912238,-0.00206066,0.00195143,0.000585387,-0.00136516,-0.005171,0.00401296,0.000331601
